X,Library_id,GEO_accession,Sample_accession,Publication,In_manuscript,Lab,Background,Progenitor,Timepoint,Group,ID,Manuscript.Name,State,Media,Batch,FACS_markers,BAM,CGmap,ATCGmap,BSseq_CG,BSseq_CA,Bigwig_CG,Bigwig_CA,Stats_file
1,RL1124,GSE159297,GSM5412622,This study,YES,Lister,32F,Fibroblast,P10+,TNT-hiPSC,D13_plus_10_32F_SmithR_to_E8,TNT-hiPSC (32F),TNT,E8,A,CD13-F11R+TRA-1-60+ SSEA3+ EpCAM+,gs://hs-reprogram/WGBS/bam_dedup/RL1124_merged.dedup.bam,wgbs/CGmap/RL1124_merged.CGmap.gz,-,wgbs/CG_bsobj/RL1124_merged_CG_bsseq_obj.Rds,wgbs/CA_bsobj/RL1124_merged_CA_bsseq_obj.Rds,wgbs/bigwigs/mCG_bigwigs/RL1124_merged_CG.bigwig,wgbs/bigwigs/mCA_bigwigs/RL1124_merged_CA_Window5000_Step1000.bigwig,wgbs/library_stats/RL1124_merged.CGmap.gz_postmap_stats.txt
2,RL1125,GSE159297,GSM5412623,This study,YES,Lister,38F,Fibroblast,P10+,TNT-hiPSC,D13_plus_10_38F_SmithR_to_E8,TNT-hiPSC (38F),TNT,E8,A,CD13-F11R+TRA-1-60+ SSEA3+ EpCAM+,gs://hs-reprogram/WGBS/bam_dedup/RL1125_merge.dedup.bam,wgbs/CGmap/RL1125_merge.CGmap.gz,-,wgbs/CG_bsobj/RL1125_merge_CG_bsseq_obj.Rds,wgbs/CA_bsobj/RL1125_merge_CA_bsseq_obj.Rds,wgbs/bigwigs/mCG_bigwigs/RL1125_merge_CG.bigwig,wgbs/bigwigs/mCA_bigwigs/RL1125_merge_CA_Window5000_Step1000.bigwig,wgbs/library_stats/RL1125_merge.CGmap.gz_postmap_stats.txt
3,RL1751_1771,GSE159297,GSM5412620,This study,YES,Lister,32F,Fibroblast,P10+,Primed-hiPSC,32F_iPSC_E8media,Primed-hiPSC-P26 (32F),Primed,E8,A,CD13-F11R+TRA-1-60+ SSEA3+ EpCAM+,gs://hs-reprogram/WGBS/bam_dedup/RL1751_RL1771_merge_iPSC_E8media.bam,wgbs/CGmap/RL1751_RL1771_merge_iPSC_E8media.CGmap.gz,-,wgbs/CG_bsobj/RL1751_RL1771_merge_iPSC_E8media_CG_bsseq_obj.Rds,wgbs/CA_bsobj/RL1751_RL1771_merge_iPSC_E8media_CA_bsseq_obj.Rds,wgbs/bigwigs/mCG_bigwigs/RL1751_RL1771_merge_iPSC_E8media_CG.bigwig,wgbs/bigwigs/mCA_bigwigs/RL1751_RL1771_merge_iPSC_E8media_CA_Window5000_Step1000.bigwig,wgbs/library_stats/RL1751_RL1771_merge_iPSC_E8media.CGmap.gz_postmap_stats.txt
4,RL1752_1772,GSE159297,GSM5412627,This study,YES,Lister,H9,ESC,ESC,hESC,H9_ESC_E8,hESC-H9-r1,ESC,E8,A,NA,gs://hs-reprogram/WGBS/bam_dedup/RL1752_RL1772_merge_H9_ESC_E8media.bam,wgbs/CGmap/RL1752_RL1772_merge_H9_ESC_E8media.CGmap.gz,-,wgbs/CG_bsobj/RL1752_RL1772_merge_H9_ESC_E8media_CG_bsseq_obj.Rds,wgbs/CA_bsobj/RL1752_RL1772_merge_H9_ESC_E8media_CA_bsseq_obj.Rds,wgbs/bigwigs/mCG_bigwigs/RL1752_RL1772_merge_H9_ESC_E8media_CG.bigwig,wgbs/bigwigs/mCA_bigwigs/RL1752_RL1772_merge_H9_ESC_E8media_CA_Window5000_Step1000.bigwig,wgbs/library_stats/RL1752_RL1772_merge_H9_ESC_E8media.CGmap.gz_postmap_stats.txt
5,RL1980,GSE159297,GSM4826292,This study,YES,Lister,MEL1,Fibroblast,P10+,Naive-hiPSC,P17_MEL1_HDF_to_SR ,Naive-hiPSC,Naive,t2iLGoY,MEL1,CD13-F11R+TRA-1-60+ SSEA3- EpCAM+,gs://hs-reprogram/WGBS/bam_dedup/RL1980_2019_12_31_P17_MEL1_HDF_to_SR_MethylC_S1_merged_lanes_dedup.bam,wgbs/CGmap/RL1980_2019_12_31_P17_MEL1_HDF_to_SR_MethylC_S1_merged_lanes.CGmap.gz,-,wgbs/CG_bsobj/RL1980_2019_12_31_P17_MEL1_HDF_to_SR_MethylC_S1_merged_lanes_CG_bsseq_obj.Rds,wgbs/CA_bsobj/RL1980_2019_12_31_P17_MEL1_HDF_to_SR_MethylC_S1_merged_lanes_CA_bsseq_obj.Rds,wgbs/bigwigs/mCG_bigwigs/RL1980_2019_12_31_P17_MEL1_HDF_to_SR_MethylC_S1_merged_lanes_CG.bigwig,wgbs/bigwigs/mCA_bigwigs/RL1980_2019_12_31_P17_MEL1_HDF_to_SR_MethylC_S1_merged_lanes_CA_Window5000_Step1000.bigwig,wgbs/library_stats/RL1980_2019_12_31_P17_MEL1_HDF_to_SR_MethylC_S1_merged_lanes.CGmap.gz_postmap_stats.txt
6,RL1981,GSE159297,GSM4826293,This study,YES,Lister,MEL1,ESC,ESC,hESC,P13_P19_MEL1_in_E8,hESC-MEL1-r1,ESC,E8,MEL1,NA,gs://hs-reprogram/WGBS/bam_dedup/RL1981_2019_12_31_P13_plus_19_MEL1_in_E8_MethylC_S2_merged_lanes_dedup.bam,wgbs/CGmap/RL1981_2019_12_31_P13_plus_19_MEL1_in_E8_MethylC_S2_merged_lanes.CGmap.gz,-,wgbs/CG_bsobj/RL1981_2019_12_31_P13_plus_19_MEL1_in_E8_MethylC_S2_merged_lanes_CG_bsseq_obj.Rds,wgbs/CA_bsobj/RL1981_2019_12_31_P13_plus_19_MEL1_in_E8_MethylC_S2_merged_lanes_CA_bsseq_obj.Rds,wgbs/bigwigs/mCG_bigwigs/RL1981_2019_12_31_P13_plus_19_MEL1_in_E8_MethylC_S2_merged_lanes_CG.bigwig,wgbs/bigwigs/mCA_bigwigs/RL1981_2019_12_31_P13_plus_19_MEL1_in_E8_MethylC_S2_merged_lanes_CA_Window5000_Step1000.bigwig,wgbs/library_stats/RL1981_2019_12_31_P13_plus_19_MEL1_in_E8_MethylC_S2_merged_lanes.CGmap.gz_postmap_stats.txt
7,RL1982,GSE159297,GSM4826294,This study,YES,Lister,MEL1,Fibroblast,P10+,Primed-hiPSC,P17_MEL1_HDF_to_E8 ,Primed-hiPSC-MEL1-r1,Primed,E8,MEL1,CD13-F11R+TRA-1-60+ SSEA3+ EpCAM+,gs://hs-reprogram/WGBS/bam_dedup/RL1982_2019_12_31_P17_MEL1_HDF_to_E8_MethylC_S3_merged_lanes_dedup.bam,wgbs/CGmap/RL1982_2019_12_31_P17_MEL1_HDF_to_E8_MethylC_S3_merged_lanes.CGmap.gz,-,wgbs/CG_bsobj/RL1982_2019_12_31_P17_MEL1_HDF_to_E8_MethylC_S3_merged_lanes_CG_bsseq_obj.Rds,wgbs/CA_bsobj/RL1982_2019_12_31_P17_MEL1_HDF_to_E8_MethylC_S3_merged_lanes_CA_bsseq_obj.Rds,wgbs/bigwigs/mCG_bigwigs/RL1982_2019_12_31_P17_MEL1_HDF_to_E8_MethylC_S3_merged_lanes_CG.bigwig,wgbs/bigwigs/mCA_bigwigs/RL1982_2019_12_31_P17_MEL1_HDF_to_E8_MethylC_S3_merged_lanes_CA_Window5000_Step1000.bigwig,wgbs/library_stats/RL1982_2019_12_31_P17_MEL1_HDF_to_E8_MethylC_S3_merged_lanes.CGmap.gz_postmap_stats.txt
8,RL1983,GSE159297,GSM4826295,This study,YES,Lister,MEL1,Fibroblast,P10+,TNT-hiPSC,P16_MEL1_D13_TNT ,TNT-hiPSC-MEL1-r1,TNT,E8,MEL1,CD13-F11R+TRA-1-60+ SSEA3+ EpCAM+,gs://hs-reprogram/WGBS/bam_dedup/RL1983_2019_12_31_P16_MEL1_D13_TNT_MethylC_S4_merged_lanes_dedup.bam,wgbs/CGmap/RL1983_2019_12_31_P16_MEL1_D13_TNT_MethylC_S4_merged_lanes.CGmap.gz,-,wgbs/CG_bsobj/RL1983_2019_12_31_P16_MEL1_D13_TNT_MethylC_S4_merged_lanes_CG_bsseq_obj.Rds,wgbs/CA_bsobj/RL1983_2019_12_31_P16_MEL1_D13_TNT_MethylC_S4_merged_lanes_CA_bsseq_obj.Rds,wgbs/bigwigs/mCG_bigwigs/RL1983_2019_12_31_P16_MEL1_D13_TNT_MethylC_S4_merged_lanes_CG.bigwig,wgbs/bigwigs/mCA_bigwigs/RL1983_2019_12_31_P16_MEL1_D13_TNT_MethylC_S4_merged_lanes_CA_Window5000_Step1000.bigwig,wgbs/library_stats/RL1983_2019_12_31_P16_MEL1_D13_TNT_MethylC_S4_merged_lanes.CGmap.gz_postmap_stats.txt
9,RL1984,GSE159297,GSM4826296,This study,YES,Lister,MEL1,Fibroblast,P10+,NtP-hiPSC,P4_P9_N2P_MEL1,NtP-hiPSC_r1,NtP,E8,MEL1,CD13-F11R+TRA-1-60+ SSEA3+ EpCAM+,gs://hs-reprogram/WGBS/bam_dedup/RL1984_2019_12_31_P4_plus_9_TNT_MEL1_MethylC_S5_merged_lanes_dedup.bam,wgbs/CGmap/RL1984_2019_12_31_P4_plus_9_TNT_MEL1_MethylC_S5_merged_lanes.CGmap.gz,-,wgbs/CG_bsobj/RL1984_2019_12_31_P4_plus_9_TNT_MEL1_MethylC_S5_merged_lanes_CG_bsseq_obj.Rds,wgbs/CA_bsobj/RL1984_2019_12_31_P4_plus_9_TNT_MEL1_MethylC_S5_merged_lanes_CA_bsseq_obj.Rds,wgbs/bigwigs/mCG_bigwigs/RL1984_2019_12_31_P4_plus_9_TNT_MEL1_MethylC_S5_merged_lanes_CG.bigwig,wgbs/bigwigs/mCA_bigwigs/RL1984_2019_12_31_P4_plus_9_TNT_MEL1_MethylC_S5_merged_lanes_CA_Window5000_Step1000.bigwig,wgbs/library_stats/RL1984_2019_12_31_P4_plus_9_TNT_MEL1_MethylC_S5_merged_lanes.CGmap.gz_postmap_stats.txt
10,RL1985,GSE159297,GSM4826297,This study,YES,Lister,MEL1,Fibroblast,P10+,NtP-hiPSC,P9_P5_N2P_MEL1,NtP-hiPSC_r2,NtP,E8,MEL1,CD13-F11R+TRA-1-60+ SSEA3+ EpCAM+,gs://hs-reprogram/WGBS/bam_dedup/RL1985_2019_12_31_P9_plus_5_TNT_MEL1_MethylC_S6_merged_lanes_dedup.bam,wgbs/CGmap/RL1985_2019_12_31_P9_plus_5_TNT_MEL1_MethylC_S6_merged_lanes.CGmap.gz,-,wgbs/CG_bsobj/RL1985_2019_12_31_P9_plus_5_TNT_MEL1_MethylC_S6_merged_lanes_CG_bsseq_obj.Rds,wgbs/CA_bsobj/RL1985_2019_12_31_P9_plus_5_TNT_MEL1_MethylC_S6_merged_lanes_CA_bsseq_obj.Rds,wgbs/bigwigs/mCG_bigwigs/RL1985_2019_12_31_P9_plus_5_TNT_MEL1_MethylC_S6_merged_lanes_CG.bigwig,wgbs/bigwigs/mCA_bigwigs/RL1985_2019_12_31_P9_plus_5_TNT_MEL1_MethylC_S6_merged_lanes_CA_Window5000_Step1000.bigwig,wgbs/library_stats/RL1985_2019_12_31_P9_plus_5_TNT_MEL1_MethylC_S6_merged_lanes.CGmap.gz_postmap_stats.txt
11,RL1986,GSE159297,GSM4826298,This study,YES,Lister,MEL1,Fibroblast,P10+,Fibroblast,P8_MEL1_HDFa,Fibroblast-MEL1,Fibroblast,Fibroblast,MEL1,CD13+TRA-1-60-,gs://hs-reprogram/WGBS/bam_dedup/RL1986_2019_12_31_P8_MEL1_HDFa_MethylC_S7_merged_lanes_dedup.bam,wgbs/CGmap/RL1986_2019_12_31_P8_MEL1_HDFa_MethylC_S7_merged_lanes.CGmap.gz,-,wgbs/CG_bsobj/RL1986_2019_12_31_P8_MEL1_HDFa_MethylC_S7_merged_lanes_CG_bsseq_obj.Rds,wgbs/CA_bsobj/RL1986_2019_12_31_P8_MEL1_HDFa_MethylC_S7_merged_lanes_CA_bsseq_obj.Rds,wgbs/bigwigs/mCG_bigwigs/RL1986_2019_12_31_P8_MEL1_HDFa_MethylC_S7_merged_lanes_CG.bigwig,wgbs/bigwigs/mCA_bigwigs/RL1986_2019_12_31_P8_MEL1_HDFa_MethylC_S7_merged_lanes_CA_Window5000_Step1000.bigwig,wgbs/library_stats/RL1986_2019_12_31_P8_MEL1_HDFa_MethylC_S7_merged_lanes.CGmap.gz_postmap_stats.txt
12,RL2351,NA,NA,This study,YES,Lister,H9,ESC,ESC,hESC,p47plus13_H9_ESC,hESC-H9-r2,ESC,E8,A,-,wgbs/bam_files_dedup/RL2351_all_merged_dedup.bam,wgbs/CGmap/RL2351_all_merged.CGmap.gz,-,wgbs/CG_bsobj/RL2351_all_merged_CG_bsseq_obj.Rds,wgbs/CA_bsobj/RL2351_all_merged_CA_bsseq_obj.Rds,wgbs/bigwigs/mCG_bigwigs/RL2351_all_merged_CG.bigwig,wgbs/bigwigs/mCA_bigwigs/RL2351_all_merged_CA_Window5000_Step1000.bigwig,wgbs/library_stats/RL2351_all_merged.CGmap.gz_postmap_stats.txt
13,RL2351_merge,NA,NA,This study,YES,Lister,H9,ESC,ESC,hESC,H9_ESC_E8_combined,hESC-H9,ESC,E8,A,-,-,-,-,wgbs/CG_bsobj/H9_ESC_E8_combined_CG_bsseq.Rds,-,-,-,wgbs/library_stats/-_postmap_stats.txt
14,RL2352,GSE159297,GSM5412716,This study,YES,Lister,MEL1,ESC,ESC,hESC,p13plus8_Mel1_ESC,hESC-MEL1-r2,ESC,E8,MEL1,NA,gs://hs-reprogram/WGBS/bam_dedup/RL2352_all_merged_dedup.bam,wgbs/CGmap/RL2352_all_merged.CGmap.gz,-,wgbs/CG_bsobj/RL2352_all_merged_CG_bsseq_obj.Rds,wgbs/CA_bsobj/RL2352_all_merged_CA_bsseq_obj.Rds,wgbs/bigwigs/mCG_bigwigs/RL2352_all_merged_CG.bigwig,wgbs/bigwigs/mCA_bigwigs/RL2352_all_merged_CA_Window5000_Step1000.bigwig,wgbs/library_stats/RL2352_all_merged.CGmap.gz_postmap_stats.txt
15,RL2352_merge,NA,NA,This study,YES,Lister,MEL1,ESC,ESC,hESC,p13plus8_Mel1_ESC,hESC-MEL1,ESC,E8,MEL1,-,-,-,-,wgbs/CG_bsobj/MEL1_ESC_E8_combined_CG_bsseq.Rds,-,-,-,wgbs/library_stats/-_postmap_stats.txt
16,RL2560,GSE159297,GSM5412714,This study,YES,Lister,MEL1,Fibroblast,P10+,Primed-hiPSC,p33_Mel1_iPSC_primed,Primed-hiPSC-MEL1-r2,Primed,E8,MEL1,CD13-F11R+TRA-1-60+ SSEA3+ EpCAM+,gs://hs-reprogram/WGBS/bam_dedup/RL2560_2021_04_30_R9_p33_Mel1_iPSC_primed_methylC_S1_R1_001_dedup.bam,wgbs/CGmap/RL2560_2021_04_30_R9_p33_Mel1_iPSC_primed_methylC_S1_R1_001.CGmap.gz,gs://hs-reprogram/WGBS/ATCGmap/RL2560_2021_04_30_R9_p33_Mel1_iPSC_primed_methylC_S1_R1_001.ATCGmap.gz,wgbs/CG_bsobj/RL2560_2021_04_30_R9_p33_Mel1_iPSC_primed_methylC_S1_R1_001_CG_bsseq_obj.Rds,wgbs/CA_bsobj/RL2560_2021_04_30_R9_p33_Mel1_iPSC_primed_methylC_S1_R1_001_CA_bsseq_obj.Rds,wgbs/bigwigs/mCG_bigwigs/RL2560_2021_04_30_R9_p33_Mel1_iPSC_primed_methylC_S1_R1_001_CG.bigwig,wgbs/bigwigs/mCA_bigwigs/RL2560_2021_04_30_R9_p33_Mel1_iPSC_primed_methylC_S1_R1_001_CA_Window5000_Step1000.bigwig,wgbs/library_stats/RL2560_2021_04_30_R9_p33_Mel1_iPSC_primed_methylC_S1_R1_001.CGmap.gz_postmap_stats.txt
17,RL2561,GSE159297,GSM5412715,This study,YES,Lister,MEL1,Fibroblast,P10+,TNT-hiPSC,p32_Mel1_iPSC_TNT,TNT-hiPSC-MEL1-r2,TNT,E8,MEL1,CD13-F11R+TRA-1-60+ SSEA3+ EpCAM+,gs://hs-reprogram/WGBS/bam_dedup/RL2561_2021_04_30_R10_p32_Mel1_iPSC_TNT_methylC_S2_R1_001_dedup.bam,wgbs/CGmap/RL2561_2021_04_30_R10_p32_Mel1_iPSC_TNT_methylC_S2_R1_001.CGmap.gz,gs://hs-reprogram/WGBS/ATCGmap/RL2561_2021_04_30_R10_p32_Mel1_iPSC_TNT_methylC_S2_R1_001.ATCGmap.gz,wgbs/CG_bsobj/RL2561_2021_04_30_R10_p32_Mel1_iPSC_TNT_methylC_S2_R1_001_CG_bsseq_obj.Rds,wgbs/CA_bsobj/RL2561_2021_04_30_R10_p32_Mel1_iPSC_TNT_methylC_S2_R1_001_CA_bsseq_obj.Rds,wgbs/bigwigs/mCG_bigwigs/RL2561_2021_04_30_R10_p32_Mel1_iPSC_TNT_methylC_S2_R1_001_CG.bigwig,wgbs/bigwigs/mCA_bigwigs/RL2561_2021_04_30_R10_p32_Mel1_iPSC_TNT_methylC_S2_R1_001_CA_Window5000_Step1000.bigwig,wgbs/library_stats/RL2561_2021_04_30_R10_p32_Mel1_iPSC_TNT_methylC_S2_R1_001.CGmap.gz_postmap_stats.txt
18,RL3061,NA,NA,This study,YES,Lister,32F,Fibroblast,-,TNT-hiPSC,NB18_32F_TNTtoKSR_553_rep1,TNT-hiPSC-B2-r1,TNT,KSR,C,-,wgbs/bam_files_dedup/RL3061_all_merged_dedup.bam,wgbs/CGmap/RL3061_all_merged.CGmap.gz,wgbs/ATCGmap/RL3061_all_merged.ATCGmap.gz,wgbs/CG_bsobj/RL3061_all_merged_CG_bsseq_obj.Rds,wgbs/CA_bsobj/RL3061_all_merged_CA_bsseq_obj.Rds,wgbs/bigwigs/mCG_bigwigs/RL3061_all_merged_CG.bigwig,wgbs/bigwigs/mCA_bigwigs/RL3061_all_merged_CA_Window5000_Step1000.bigwig,wgbs/library_stats/RL3061_all_merged.CGmap.gz_postmap_stats.txt
19,RL3062,NA,NA,This study,YES,Lister,32F,Fibroblast,-,TNT-hiPSC,NB18_32F_TNTtoKSR_553_rep2,TNT-hiPSC-B2-r2,TNT,KSR,C,-,wgbs/bam_files_dedup/RL3062_all_merged_dedup.bam,wgbs/CGmap/RL3062_all_merged.CGmap.gz,wgbs/ATCGmap/RL3062_all_merged.ATCGmap.gz,wgbs/CG_bsobj/RL3062_all_merged_CG_bsseq_obj.Rds,wgbs/CA_bsobj/RL3062_all_merged_CA_bsseq_obj.Rds,wgbs/bigwigs/mCG_bigwigs/RL3062_all_merged_CG.bigwig,wgbs/bigwigs/mCA_bigwigs/RL3062_all_merged_CA_Window5000_Step1000.bigwig,wgbs/library_stats/RL3062_all_merged.CGmap.gz_postmap_stats.txt
20,RL3063,NA,NA,This study,YES,Lister,32F,Fibroblast,-,TNT-hiPSC,NB18_32F_TNTtoKSR_553_rep3,TNT-hiPSC-B2-r3,TNT,KSR,C,-,wgbs/bam_files_dedup/RL3063_all_merged_dedup.bam,wgbs/CGmap/RL3063_all_merged.CGmap.gz,wgbs/ATCGmap/RL3063_all_merged.ATCGmap.gz,wgbs/CG_bsobj/RL3063_all_merged_CG_bsseq_obj.Rds,wgbs/CA_bsobj/RL3063_all_merged_CA_bsseq_obj.Rds,wgbs/bigwigs/mCG_bigwigs/RL3063_all_merged_CG.bigwig,wgbs/bigwigs/mCA_bigwigs/RL3063_all_merged_CA_Window5000_Step1000.bigwig,wgbs/library_stats/RL3063_all_merged.CGmap.gz_postmap_stats.txt
21,RL3064,NA,NA,This study,YES,Lister,32F,Fibroblast,-,TNT-hiPSC,NB18_32F_TNTtoKSR_556_rep1,TNT-hiPSC-B2-r4,TNT,KSR,C,-,wgbs/bam_files_dedup/RL3064_all_merged_dedup.bam,wgbs/CGmap/RL3064_all_merged.CGmap.gz,wgbs/ATCGmap/RL3064_all_merged.ATCGmap.gz,wgbs/CG_bsobj/RL3064_all_merged_CG_bsseq_obj.Rds,wgbs/CA_bsobj/RL3064_all_merged_CA_bsseq_obj.Rds,wgbs/bigwigs/mCG_bigwigs/RL3064_all_merged_CG.bigwig,wgbs/bigwigs/mCA_bigwigs/RL3064_all_merged_CA_Window5000_Step1000.bigwig,wgbs/library_stats/RL3064_all_merged.CGmap.gz_postmap_stats.txt
22,RL3065,NA,NA,This study,YES,Lister,32F,Fibroblast,-,TNT-hiPSC,NB18_32F_TNTtoKSR_556_rep2,TNT-hiPSC-B2-r5,TNT,KSR,C,-,wgbs/bam_files_dedup/RL3065_all_merged_dedup.bam,wgbs/CGmap/RL3065_all_merged.CGmap.gz,wgbs/ATCGmap/RL3065_all_merged.ATCGmap.gz,wgbs/CG_bsobj/RL3065_all_merged_CG_bsseq_obj.Rds,wgbs/CA_bsobj/RL3065_all_merged_CA_bsseq_obj.Rds,wgbs/bigwigs/mCG_bigwigs/RL3065_all_merged_CG.bigwig,wgbs/bigwigs/mCA_bigwigs/RL3065_all_merged_CA_Window5000_Step1000.bigwig,wgbs/library_stats/RL3065_all_merged.CGmap.gz_postmap_stats.txt
23,RL3066,NA,NA,This study,YES,Lister,32F,Fibroblast,-,TNT-hiPSC,NB18_32F_TNTtoKSR_556_rep3,TNT-hiPSC-B2-r6,TNT,KSR,C,-,wgbs/bam_files_dedup/RL3066_all_merged_dedup.bam,wgbs/CGmap/RL3066_all_merged.CGmap.gz,wgbs/ATCGmap/RL3066_all_merged.ATCGmap.gz,wgbs/CG_bsobj/RL3066_all_merged_CG_bsseq_obj.Rds,wgbs/CA_bsobj/RL3066_all_merged_CA_bsseq_obj.Rds,wgbs/bigwigs/mCG_bigwigs/RL3066_all_merged_CG.bigwig,wgbs/bigwigs/mCA_bigwigs/RL3066_all_merged_CA_Window5000_Step1000.bigwig,wgbs/library_stats/RL3066_all_merged.CGmap.gz_postmap_stats.txt
24,RL3067,NA,NA,This study,YES,Lister,32F,Fibroblast,-,Primed-hiPSC,NB18_32F_D8toKSR_553_rep1,Primed-hiPSC-B2-r1,Primed,KSR,C,-,wgbs/bam_files_dedup/RL3067_all_merged_dedup.bam,wgbs/CGmap/RL3067_all_merged.CGmap.gz,wgbs/ATCGmap/RL3067_all_merged.ATCGmap.gz,wgbs/CG_bsobj/RL3067_all_merged_CG_bsseq_obj.Rds,wgbs/CA_bsobj/RL3067_all_merged_CA_bsseq_obj.Rds,wgbs/bigwigs/mCG_bigwigs/RL3067_all_merged_CG.bigwig,wgbs/bigwigs/mCA_bigwigs/RL3067_all_merged_CA_Window5000_Step1000.bigwig,wgbs/library_stats/RL3067_all_merged.CGmap.gz_postmap_stats.txt
25,RL3068,NA,NA,This study,YES,Lister,32F,Fibroblast,-,Primed-hiPSC,NB18_32F_D8toKSR_553_rep2,Primed-hiPSC-B2-r2,Primed,KSR,C,-,wgbs/bam_files_dedup/RL3068_all_merged_dedup.bam,wgbs/CGmap/RL3068_all_merged.CGmap.gz,wgbs/ATCGmap/RL3068_all_merged.ATCGmap.gz,wgbs/CG_bsobj/RL3068_all_merged_CG_bsseq_obj.Rds,wgbs/CA_bsobj/RL3068_all_merged_CA_bsseq_obj.Rds,wgbs/bigwigs/mCG_bigwigs/RL3068_all_merged_CG.bigwig,wgbs/bigwigs/mCA_bigwigs/RL3068_all_merged_CA_Window5000_Step1000.bigwig,wgbs/library_stats/RL3068_all_merged.CGmap.gz_postmap_stats.txt
26,RL3069,NA,NA,This study,YES,Lister,32F,Fibroblast,-,Primed-hiPSC,NB18_32F_D8toKSR_553_rep3,Primed-hiPSC-B2-r3,Primed,KSR,C,-,wgbs/bam_files_dedup/RL3069_all_merged_dedup.bam,wgbs/CGmap/RL3069_all_merged.CGmap.gz,wgbs/ATCGmap/RL3069_all_merged.ATCGmap.gz,wgbs/CG_bsobj/RL3069_all_merged_CG_bsseq_obj.Rds,wgbs/CA_bsobj/RL3069_all_merged_CA_bsseq_obj.Rds,wgbs/bigwigs/mCG_bigwigs/RL3069_all_merged_CG.bigwig,wgbs/bigwigs/mCA_bigwigs/RL3069_all_merged_CA_Window5000_Step1000.bigwig,wgbs/library_stats/RL3069_all_merged.CGmap.gz_postmap_stats.txt
27,RL3070,NA,NA,This study,YES,Lister,32F,Fibroblast,-,Primed-hiPSC,NB18_32F_D8toKSR_556_rep1,Primed-hiPSC-B2-r4,Primed,KSR,C,-,wgbs/bam_files_dedup/RL3070_all_merged_dedup.bam,wgbs/CGmap/RL3070_all_merged.CGmap.gz,wgbs/ATCGmap/RL3070_all_merged.ATCGmap.gz,wgbs/CG_bsobj/RL3070_all_merged_CG_bsseq_obj.Rds,wgbs/CA_bsobj/RL3070_all_merged_CA_bsseq_obj.Rds,wgbs/bigwigs/mCG_bigwigs/RL3070_all_merged_CG.bigwig,wgbs/bigwigs/mCA_bigwigs/RL3070_all_merged_CA_Window5000_Step1000.bigwig,wgbs/library_stats/RL3070_all_merged.CGmap.gz_postmap_stats.txt
28,RL3071,NA,NA,This study,YES,Lister,32F,Fibroblast,-,Primed-hiPSC,NB18_32F_D8toKSR_556_rep2,Primed-hiPSC-B2-r5,Primed,KSR,C,-,wgbs/bam_files_dedup/RL3071_all_merged_dedup.bam,wgbs/CGmap/RL3071_all_merged.CGmap.gz,wgbs/ATCGmap/RL3071_all_merged.ATCGmap.gz,wgbs/CG_bsobj/RL3071_all_merged_CG_bsseq_obj.Rds,wgbs/CA_bsobj/RL3071_all_merged_CA_bsseq_obj.Rds,wgbs/bigwigs/mCG_bigwigs/RL3071_all_merged_CG.bigwig,wgbs/bigwigs/mCA_bigwigs/RL3071_all_merged_CA_Window5000_Step1000.bigwig,wgbs/library_stats/RL3071_all_merged.CGmap.gz_postmap_stats.txt
29,RL3072,NA,NA,This study,YES,Lister,32F,Fibroblast,-,Primed-hiPSC,NB18_32F_D8toKSR_556_rep3,Primed-hiPSC-B2-r6,Primed,KSR,C,-,wgbs/bam_files_dedup/RL3072_all_merged_dedup.bam,wgbs/CGmap/RL3072_all_merged.CGmap.gz,wgbs/ATCGmap/RL3072_all_merged.ATCGmap.gz,wgbs/CG_bsobj/RL3072_all_merged_CG_bsseq_obj.Rds,wgbs/CA_bsobj/RL3072_all_merged_CA_bsseq_obj.Rds,wgbs/bigwigs/mCG_bigwigs/RL3072_all_merged_CG.bigwig,wgbs/bigwigs/mCA_bigwigs/RL3072_all_merged_CA_Window5000_Step1000.bigwig,wgbs/library_stats/RL3072_all_merged.CGmap.gz_postmap_stats.txt
30,RL3073,NA,NA,This study,YES,Lister,32F,Fibroblast,-,PNP-hiPSC,32F_NB3_p28_p2n2p_p10_rep1,PNP-hiPSC-32F-r1,PNP,KSR,PNP,-,wgbs/bam_files_dedup/RL3073_2022_05_27_32F_NB3_p28_p2n2p_p10_rep1_MethC_S2_R1_001_dedup.bam,wgbs/CGmap/RL3073_2022_05_27_32F_NB3_p28_p2n2p_p10_rep1_MethC_S2_R1_001.CGmap.gz,-,wgbs/CG_bsobj/RL3073_2022_05_27_32F_NB3_p28_p2n2p_p10_rep1_MethC_S2_R1_001_CG_bsseq_obj.Rds,wgbs/CA_bsobj/RL3073_2022_05_27_32F_NB3_p28_p2n2p_p10_rep1_MethC_S2_R1_001_CA_bsseq_obj.Rds,wgbs/bigwigs/mCG_bigwigs/RL3073_2022_05_27_32F_NB3_p28_p2n2p_p10_rep1_MethC_S2_R1_001_CG.bigwig,wgbs/bigwigs/mCA_bigwigs/RL3073_2022_05_27_32F_NB3_p28_p2n2p_p10_rep1_MethC_S2_R1_001_CA_Window5000_Step1000.bigwig,wgbs/library_stats/RL3073_2022_05_27_32F_NB3_p28_p2n2p_p10_rep1_MethC_S2_R1_001.CGmap.gz_postmap_stats.txt
31,RL3074,NA,NA,This study,YES,Lister,32F,Fibroblast,-,PNP-hiPSC,32F_NB3_p28_p2n2p_p10_rep2,PNP-hiPSC-32F-r2,PNP,KSR,PNP,-,wgbs/bam_files_dedup/RL3074_2022_05_27_32F_NB3_p28_p2n2p_p10_rep2_MethC_S3_R1_001_dedup.bam,wgbs/CGmap/RL3074_2022_05_27_32F_NB3_p28_p2n2p_p10_rep2_MethC_S3_R1_001.CGmap.gz,-,wgbs/CG_bsobj/RL3074_2022_05_27_32F_NB3_p28_p2n2p_p10_rep2_MethC_S3_R1_001_CG_bsseq_obj.Rds,wgbs/CA_bsobj/RL3074_2022_05_27_32F_NB3_p28_p2n2p_p10_rep2_MethC_S3_R1_001_CA_bsseq_obj.Rds,wgbs/bigwigs/mCG_bigwigs/RL3074_2022_05_27_32F_NB3_p28_p2n2p_p10_rep2_MethC_S3_R1_001_CG.bigwig,wgbs/bigwigs/mCA_bigwigs/RL3074_2022_05_27_32F_NB3_p28_p2n2p_p10_rep2_MethC_S3_R1_001_CA_Window5000_Step1000.bigwig,wgbs/library_stats/RL3074_2022_05_27_32F_NB3_p28_p2n2p_p10_rep2_MethC_S3_R1_001.CGmap.gz_postmap_stats.txt
32,RL3075,NA,NA,This study,YES,Lister,32F,Fibroblast,-,PNP-hiPSC,32F_NB3_p28_p2n2p_p10_rep3,PNP-hiPSC-32F-r3,PNP,KSR,PNP,-,wgbs/bam_files_dedup/RL3075_2022_05_27_32F_NB3_p28_p2n2p_p10_rep3_MethC_S4_R1_001_dedup.bam,wgbs/CGmap/RL3075_2022_05_27_32F_NB3_p28_p2n2p_p10_rep3_MethC_S4_R1_001.CGmap.gz,-,wgbs/CG_bsobj/RL3075_2022_05_27_32F_NB3_p28_p2n2p_p10_rep3_MethC_S4_R1_001_CG_bsseq_obj.Rds,wgbs/CA_bsobj/RL3075_2022_05_27_32F_NB3_p28_p2n2p_p10_rep3_MethC_S4_R1_001_CA_bsseq_obj.Rds,wgbs/bigwigs/mCG_bigwigs/RL3075_2022_05_27_32F_NB3_p28_p2n2p_p10_rep3_MethC_S4_R1_001_CG.bigwig,wgbs/bigwigs/mCA_bigwigs/RL3075_2022_05_27_32F_NB3_p28_p2n2p_p10_rep3_MethC_S4_R1_001_CA_Window5000_Step1000.bigwig,wgbs/library_stats/RL3075_2022_05_27_32F_NB3_p28_p2n2p_p10_rep3_MethC_S4_R1_001.CGmap.gz_postmap_stats.txt
33,RL3076,NA,NA,This study,YES,Lister,38F,Fibroblast,-,PNP-hiPSC,38F_NB3_p28_p2n2p_p10_rep1,PNP-hiPSC-38F-r1,PNP,KSR,PNP,-,wgbs/bam_files_dedup/RL3076_2022_05_27_38F_NB3_p28_p2n2p_p10_rep1_MethC_S5_R1_001_dedup.bam,wgbs/CGmap/RL3076_2022_05_27_38F_NB3_p28_p2n2p_p10_rep1_MethC_S5_R1_001.CGmap.gz,-,wgbs/CG_bsobj/RL3076_2022_05_27_38F_NB3_p28_p2n2p_p10_rep1_MethC_S5_R1_001_CG_bsseq_obj.Rds,wgbs/CA_bsobj/RL3076_2022_05_27_38F_NB3_p28_p2n2p_p10_rep1_MethC_S5_R1_001_CA_bsseq_obj.Rds,wgbs/bigwigs/mCG_bigwigs/RL3076_2022_05_27_38F_NB3_p28_p2n2p_p10_rep1_MethC_S5_R1_001_CG.bigwig,wgbs/bigwigs/mCA_bigwigs/RL3076_2022_05_27_38F_NB3_p28_p2n2p_p10_rep1_MethC_S5_R1_001_CA_Window5000_Step1000.bigwig,wgbs/library_stats/RL3076_2022_05_27_38F_NB3_p28_p2n2p_p10_rep1_MethC_S5_R1_001.CGmap.gz_postmap_stats.txt
34,RL3077,NA,NA,This study,YES,Lister,38F,Fibroblast,-,PNP-hiPSC,38F_NB3_p28_p2n2p_p10_rep2,PNP-hiPSC-38F-r2,PNP,KSR,PNP,-,wgbs/bam_files_dedup/RL3077_2022_05_27_38F_NB3_p28_p2n2p_p10_rep2_MethC_S6_R1_001_dedup.bam,wgbs/CGmap/RL3077_2022_05_27_38F_NB3_p28_p2n2p_p10_rep2_MethC_S6_R1_001.CGmap.gz,-,wgbs/CG_bsobj/RL3077_2022_05_27_38F_NB3_p28_p2n2p_p10_rep2_MethC_S6_R1_001_CG_bsseq_obj.Rds,wgbs/CA_bsobj/RL3077_2022_05_27_38F_NB3_p28_p2n2p_p10_rep2_MethC_S6_R1_001_CA_bsseq_obj.Rds,wgbs/bigwigs/mCG_bigwigs/RL3077_2022_05_27_38F_NB3_p28_p2n2p_p10_rep2_MethC_S6_R1_001_CG.bigwig,wgbs/bigwigs/mCA_bigwigs/RL3077_2022_05_27_38F_NB3_p28_p2n2p_p10_rep2_MethC_S6_R1_001_CA_Window5000_Step1000.bigwig,wgbs/library_stats/RL3077_2022_05_27_38F_NB3_p28_p2n2p_p10_rep2_MethC_S6_R1_001.CGmap.gz_postmap_stats.txt
35,RL3078,NA,NA,This study,YES,Lister,38F,Fibroblast,-,PNP-hiPSC,38F_NB3_p28_p2n2p_p10_rep3,PNP-hiPSC-38F-r3,PNP,KSR,PNP,-,wgbs/bam_files_dedup/RL3078_2022_05_27_38F_NB3_p28_p2n2p_p10_rep3_MethC_S7_R1_001_dedup.bam,wgbs/CGmap/RL3078_2022_05_27_38F_NB3_p28_p2n2p_p10_rep3_MethC_S7_R1_001.CGmap.gz,-,wgbs/CG_bsobj/RL3078_2022_05_27_38F_NB3_p28_p2n2p_p10_rep3_MethC_S7_R1_001_CG_bsseq_obj.Rds,wgbs/CA_bsobj/RL3078_2022_05_27_38F_NB3_p28_p2n2p_p10_rep3_MethC_S7_R1_001_CA_bsseq_obj.Rds,wgbs/bigwigs/mCG_bigwigs/RL3078_2022_05_27_38F_NB3_p28_p2n2p_p10_rep3_MethC_S7_R1_001_CG.bigwig,wgbs/bigwigs/mCA_bigwigs/RL3078_2022_05_27_38F_NB3_p28_p2n2p_p10_rep3_MethC_S7_R1_001_CA_Window5000_Step1000.bigwig,wgbs/library_stats/RL3078_2022_05_27_38F_NB3_p28_p2n2p_p10_rep3_MethC_S7_R1_001.CGmap.gz_postmap_stats.txt
36,RL3155,NA,NA,This study,YES,Lister,MSC,MSC,-,TNT-hiPSC,MSC_TNTtoKSR_rep1,Primed_MSC_rep1,TNT,KSR,MSC,-,wgbs/bam_files_dedup/RL3155_all_merged_dedup.bam,wgbs/CGmap/RL3155_all_merged.CGmap.gz,wgbs/ATCGmap/RL3155_all_merged.ATCGmap.gz,wgbs/CG_bsobj/RL3155_all_merged_CG_bsseq_obj.Rds,wgbs/CA_bsobj/RL3155_all_merged_CA_bsseq_obj.Rds,wgbs/bigwigs/mCG_bigwigs/RL3155_all_merged_CG.bigwig,wgbs/bigwigs/mCA_bigwigs/RL3155_all_merged_CA_Window5000_Step1000.bigwig,wgbs/library_stats/RL3155_all_merged.CGmap.gz_postmap_stats.txt
37,RL3156,NA,NA,This study,YES,Lister,MSC,MSC,-,TNT-hiPSC,MSC_TNTtoKSR_rep2,Primed_MSC_rep2,TNT,KSR,MSC,-,wgbs/bam_files_dedup/RL3156_all_merged_dedup.bam,wgbs/CGmap/RL3156_all_merged.CGmap.gz,wgbs/ATCGmap/RL3156_all_merged.ATCGmap.gz,wgbs/CG_bsobj/RL3156_all_merged_CG_bsseq_obj.Rds,wgbs/CA_bsobj/RL3156_all_merged_CA_bsseq_obj.Rds,wgbs/bigwigs/mCG_bigwigs/RL3156_all_merged_CG.bigwig,wgbs/bigwigs/mCA_bigwigs/RL3156_all_merged_CA_Window5000_Step1000.bigwig,wgbs/library_stats/RL3156_all_merged.CGmap.gz_postmap_stats.txt
38,RL3157,NA,NA,This study,YES,Lister,MSC,MSC,-,TNT-hiPSC,MSC_TNTtoKSR_rep3,Primed_MSC_rep3,TNT,KSR,MSC,-,wgbs/bam_files_dedup/RL3157_all_merged_dedup.bam,wgbs/CGmap/RL3157_all_merged.CGmap.gz,wgbs/ATCGmap/RL3157_all_merged.ATCGmap.gz,wgbs/CG_bsobj/RL3157_all_merged_CG_bsseq_obj.Rds,wgbs/CA_bsobj/RL3157_all_merged_CA_bsseq_obj.Rds,wgbs/bigwigs/mCG_bigwigs/RL3157_all_merged_CG.bigwig,wgbs/bigwigs/mCA_bigwigs/RL3157_all_merged_CA_Window5000_Step1000.bigwig,wgbs/library_stats/RL3157_all_merged.CGmap.gz_postmap_stats.txt
39,RL3158,NA,NA,This study,YES,Lister,MSC,MSC,-,Primed-hiPSC,MSC_D8toKSR_rep1,TNT_MSC_rep1,Primed,KSR,MSC,-,wgbs/bam_files_dedup/RL3158_all_merged_dedup.bam,wgbs/CGmap/RL3158_all_merged.CGmap.gz,wgbs/ATCGmap/RL3158_all_merged.ATCGmap.gz,wgbs/CG_bsobj/RL3158_all_merged_CG_bsseq_obj.Rds,wgbs/CA_bsobj/RL3158_all_merged_CA_bsseq_obj.Rds,wgbs/bigwigs/mCG_bigwigs/RL3158_all_merged_CG.bigwig,wgbs/bigwigs/mCA_bigwigs/RL3158_all_merged_CA_Window5000_Step1000.bigwig,wgbs/library_stats/RL3158_all_merged.CGmap.gz_postmap_stats.txt
40,RL3159,NA,NA,This study,YES,Lister,MSC,MSC,-,Primed-hiPSC,MSC_D8toKSR_rep2,TNT_MSC_rep2,Primed,KSR,MSC,-,wgbs/bam_files_dedup/RL3159_all_merged_dedup.bam,wgbs/CGmap/RL3159_all_merged.CGmap.gz,wgbs/ATCGmap/RL3159_all_merged.ATCGmap.gz,wgbs/CG_bsobj/RL3159_all_merged_CG_bsseq_obj.Rds,wgbs/CA_bsobj/RL3159_all_merged_CA_bsseq_obj.Rds,wgbs/bigwigs/mCG_bigwigs/RL3159_all_merged_CG.bigwig,wgbs/bigwigs/mCA_bigwigs/RL3159_all_merged_CA_Window5000_Step1000.bigwig,wgbs/library_stats/RL3159_all_merged.CGmap.gz_postmap_stats.txt
41,RL3160,NA,NA,This study,YES,Lister,MSC,MSC,-,Primed-hiPSC,MSC_D8toKSR_rep3,TNT_MSC_rep3,Primed,KSR,MSC,-,wgbs/bam_files_dedup/RL3160_all_merged_dedup.bam,wgbs/CGmap/RL3160_all_merged.CGmap.gz,wgbs/ATCGmap/RL3160_all_merged.ATCGmap.gz,wgbs/CG_bsobj/RL3160_all_merged_CG_bsseq_obj.Rds,wgbs/CA_bsobj/RL3160_all_merged_CA_bsseq_obj.Rds,wgbs/bigwigs/mCG_bigwigs/RL3160_all_merged_CG.bigwig,wgbs/bigwigs/mCA_bigwigs/RL3160_all_merged_CA_Window5000_Step1000.bigwig,wgbs/library_stats/RL3160_all_merged.CGmap.gz_postmap_stats.txt
42,RL3161,NA,NA,This study,YES,Lister,MSC,MSC,-,MSC,MSC2_rep1,MSC_rep1,MSC,MSC,MSC,-,wgbs/bam_files_dedup/RL3161_2022_06_22b_MSC2_rep1_MethC_S7_R1_001_dedup.bam,wgbs/CGmap/RL3161_2022_06_22b_MSC2_rep1_MethC_S7_R1_001.CGmap.gz,-,wgbs/CG_bsobj/RL3161_2022_06_22b_MSC2_rep1_MethC_S7_R1_001_CG_bsseq_obj.Rds,wgbs/CA_bsobj/RL3161_2022_06_22b_MSC2_rep1_MethC_S7_R1_001_CA_bsseq_obj.Rds,wgbs/bigwigs/mCG_bigwigs/RL3161_2022_06_22b_MSC2_rep1_MethC_S7_R1_001_CG.bigwig,wgbs/bigwigs/mCA_bigwigs/RL3161_2022_06_22b_MSC2_rep1_MethC_S7_R1_001_CA_Window5000_Step1000.bigwig,wgbs/library_stats/RL3161_2022_06_22b_MSC2_rep1_MethC_S7_R1_001.CGmap.gz_postmap_stats.txt
43,RL3162,NA,NA,This study,YES,Lister,MSC,MSC,-,MSC,MSC2_rep2,MSC_rep2,MSC,MSC,MSC,-,wgbs/bam_files_dedup/RL3162_2022_06_22b_MSC2_rep2_MethC_S8_R1_001_dedup.bam,wgbs/CGmap/RL3162_2022_06_22b_MSC2_rep2_MethC_S8_R1_001.CGmap.gz,-,wgbs/CG_bsobj/RL3162_2022_06_22b_MSC2_rep2_MethC_S8_R1_001_CG_bsseq_obj.Rds,wgbs/CA_bsobj/RL3162_2022_06_22b_MSC2_rep2_MethC_S8_R1_001_CA_bsseq_obj.Rds,wgbs/bigwigs/mCG_bigwigs/RL3162_2022_06_22b_MSC2_rep2_MethC_S8_R1_001_CG.bigwig,wgbs/bigwigs/mCA_bigwigs/RL3162_2022_06_22b_MSC2_rep2_MethC_S8_R1_001_CA_Window5000_Step1000.bigwig,wgbs/library_stats/RL3162_2022_06_22b_MSC2_rep2_MethC_S8_R1_001.CGmap.gz_postmap_stats.txt
44,RL3239,NA,NA,This study,YES,Lister,NHEK,Keratinocyte,-,Primed-hiPSC,NB19_NHEK_D8toKSR_rep1,Primed_NHEK_rep1,Primed,KSR,NHEK,-,wgbs/bam_files_dedup/RL3239_all_merged_dedup.bam,wgbs/CGmap/RL3239_all_merged.CGmap.gz,wgbs/ATCGmap/RL3239_all_merged.ATCGmap.gz,wgbs/CG_bsobj/RL3239_all_merged_CG_bsseq_obj.Rds,wgbs/CA_bsobj/RL3239_all_merged_CA_bsseq_obj.Rds,wgbs/bigwigs/mCG_bigwigs/RL3239_all_merged_CG.bigwig,wgbs/bigwigs/mCA_bigwigs/RL3239_all_merged_CA_Window5000_Step1000.bigwig,wgbs/library_stats/RL3239_all_merged.CGmap.gz_postmap_stats.txt
45,RL3240,NA,NA,This study,YES,Lister,NHEK,Keratinocyte,-,Primed-hiPSC,NB19_NHEK_D8toKSR_rep2,Primed_NHEK_rep2,Primed,KSR,NHEK,-,wgbs/bam_files_dedup/RL3240_all_merged_dedup.bam,wgbs/CGmap/RL3240_all_merged.CGmap.gz,wgbs/ATCGmap/RL3240_all_merged.ATCGmap.gz,wgbs/CG_bsobj/RL3240_all_merged_CG_bsseq_obj.Rds,wgbs/CA_bsobj/RL3240_all_merged_CA_bsseq_obj.Rds,wgbs/bigwigs/mCG_bigwigs/RL3240_all_merged_CG.bigwig,wgbs/bigwigs/mCA_bigwigs/RL3240_all_merged_CA_Window5000_Step1000.bigwig,wgbs/library_stats/RL3240_all_merged.CGmap.gz_postmap_stats.txt
46,RL3241,NA,NA,This study,YES,Lister,NHEK,Keratinocyte,-,Primed-hiPSC,NB19_NHEK_D8toKSR_rep3,Primed_NHEK_rep3,Primed,KSR,NHEK,-,wgbs/bam_files_dedup/RL3241_all_merged_dedup.bam,wgbs/CGmap/RL3241_all_merged.CGmap.gz,wgbs/ATCGmap/RL3241_all_merged.ATCGmap.gz,wgbs/CG_bsobj/RL3241_all_merged_CG_bsseq_obj.Rds,wgbs/CA_bsobj/RL3241_all_merged_CA_bsseq_obj.Rds,wgbs/bigwigs/mCG_bigwigs/RL3241_all_merged_CG.bigwig,wgbs/bigwigs/mCA_bigwigs/RL3241_all_merged_CA_Window5000_Step1000.bigwig,wgbs/library_stats/RL3241_all_merged.CGmap.gz_postmap_stats.txt
47,RL3242,NA,NA,This study,YES,Lister,NHEK,Keratinocyte,-,TNT-hiPSC,NB19_NHEK_TNTtoKSR_rep1,TNT_NHEK_rep1,TNT,KSR,NHEK,-,wgbs/bam_files_dedup/RL3242_all_merged_dedup.bam,wgbs/CGmap/RL3242_all_merged.CGmap.gz,wgbs/ATCGmap/RL3242_all_merged.ATCGmap.gz,wgbs/CG_bsobj/RL3242_all_merged_CG_bsseq_obj.Rds,wgbs/CA_bsobj/RL3242_all_merged_CA_bsseq_obj.Rds,wgbs/bigwigs/mCG_bigwigs/RL3242_all_merged_CG.bigwig,wgbs/bigwigs/mCA_bigwigs/RL3242_all_merged_CA_Window5000_Step1000.bigwig,wgbs/library_stats/RL3242_all_merged.CGmap.gz_postmap_stats.txt
48,RL3243,NA,NA,This study,YES,Lister,NHEK,Keratinocyte,-,TNT-hiPSC,NB19_NHEK_TNTtoKSR_rep2,TNT_NHEK_rep2,TNT,KSR,NHEK,-,wgbs/bam_files_dedup/RL3243_all_merged_dedup.bam,wgbs/CGmap/RL3243_all_merged.CGmap.gz,wgbs/ATCGmap/RL3243_all_merged.ATCGmap.gz,wgbs/CG_bsobj/RL3243_all_merged_CG_bsseq_obj.Rds,wgbs/CA_bsobj/RL3243_all_merged_CA_bsseq_obj.Rds,wgbs/bigwigs/mCG_bigwigs/RL3243_all_merged_CG.bigwig,wgbs/bigwigs/mCA_bigwigs/RL3243_all_merged_CA_Window5000_Step1000.bigwig,wgbs/library_stats/RL3243_all_merged.CGmap.gz_postmap_stats.txt
49,RL3244,NA,NA,This study,YES,Lister,NHEK,Keratinocyte,-,TNT-hiPSC,NB19_NHEK_TNTtoKSR_rep3,TNT_NHEK_rep3,TNT,KSR,NHEK,-,wgbs/bam_files_dedup/RL3244_all_merged_dedup.bam,wgbs/CGmap/RL3244_all_merged.CGmap.gz,wgbs/ATCGmap/RL3244_all_merged.ATCGmap.gz,wgbs/CG_bsobj/RL3244_all_merged_CG_bsseq_obj.Rds,wgbs/CA_bsobj/RL3244_all_merged_CA_bsseq_obj.Rds,wgbs/bigwigs/mCG_bigwigs/RL3244_all_merged_CG.bigwig,wgbs/bigwigs/mCA_bigwigs/RL3244_all_merged_CA_Window5000_Step1000.bigwig,wgbs/library_stats/RL3244_all_merged.CGmap.gz_postmap_stats.txt
50,RL3245,NA,NA,This study,YES,Lister,NHEK,Keratinocyte,-,Keratinocyte,NHEK_rep1,NHEK_rep1,Keratinocyte,Keratinocyte,NHEK,-,wgbs/bam_files_dedup/RL3245_2022_08_05_NHEK_rep1_MethC_S14_R1_001_dedup.bam,wgbs/CGmap/RL3245_2022_08_05_NHEK_rep1_MethC_S14_R1_001.CGmap.gz,wgbs/ATCGmap/RL3245_2022_08_05_NHEK_rep1_MethC_S14_R1_001.ATCGmap.gz,wgbs/CG_bsobj/RL3245_2022_08_05_NHEK_rep1_MethC_S14_R1_001_CG_bsseq_obj.Rds,wgbs/CA_bsobj/RL3245_2022_08_05_NHEK_rep1_MethC_S14_R1_001_CA_bsseq_obj.Rds,wgbs/bigwigs/mCG_bigwigs/RL3245_2022_08_05_NHEK_rep1_MethC_S14_R1_001_CG.bigwig,wgbs/bigwigs/mCA_bigwigs/RL3245_2022_08_05_NHEK_rep1_MethC_S14_R1_001_CA_Window5000_Step1000.bigwig,wgbs/library_stats/RL3245_2022_08_05_NHEK_rep1_MethC_S14_R1_001.CGmap.gz_postmap_stats.txt
51,RL3246,NA,NA,This study,YES,Lister,NHEK,Keratinocyte,-,Keratinocyte,NHEK_rep2,NHEK_rep2,Keratinocyte,Keratinocyte,NHEK,-,wgbs/bam_files_dedup/RL3246_2022_08_05_NHEK_rep2_MethC_S15_R1_001_dedup.bam,wgbs/CGmap/RL3246_2022_08_05_NHEK_rep2_MethC_S15_R1_001.CGmap.gz,wgbs/ATCGmap/RL3246_2022_08_05_NHEK_rep2_MethC_S15_R1_001.ATCGmap.gz,wgbs/CG_bsobj/RL3246_2022_08_05_NHEK_rep2_MethC_S15_R1_001_CG_bsseq_obj.Rds,wgbs/CA_bsobj/RL3246_2022_08_05_NHEK_rep2_MethC_S15_R1_001_CA_bsseq_obj.Rds,wgbs/bigwigs/mCG_bigwigs/RL3246_2022_08_05_NHEK_rep2_MethC_S15_R1_001_CG.bigwig,wgbs/bigwigs/mCA_bigwigs/RL3246_2022_08_05_NHEK_rep2_MethC_S15_R1_001_CA_Window5000_Step1000.bigwig,wgbs/library_stats/RL3246_2022_08_05_NHEK_rep2_MethC_S15_R1_001.CGmap.gz_postmap_stats.txt
52,RL3247,NA,NA,This study,YES,Lister,NHEK,Keratinocyte,-,Keratinocyte,NHEK_rep3,NHEK_rep3,Keratinocyte,Keratinocyte,NHEK,-,wgbs/bam_files_dedup/RL3247_2022_08_05_NHEK_rep3_MethC_S16_R1_001_dedup.bam,wgbs/CGmap/RL3247_2022_08_05_NHEK_rep3_MethC_S16_R1_001.CGmap.gz,wgbs/ATCGmap/RL3247_2022_08_05_NHEK_rep3_MethC_S16_R1_001.ATCGmap.gz,wgbs/CG_bsobj/RL3247_2022_08_05_NHEK_rep3_MethC_S16_R1_001_CG_bsseq_obj.Rds,wgbs/CA_bsobj/RL3247_2022_08_05_NHEK_rep3_MethC_S16_R1_001_CA_bsseq_obj.Rds,wgbs/bigwigs/mCG_bigwigs/RL3247_2022_08_05_NHEK_rep3_MethC_S16_R1_001_CG.bigwig,wgbs/bigwigs/mCA_bigwigs/RL3247_2022_08_05_NHEK_rep3_MethC_S16_R1_001_CA_Window5000_Step1000.bigwig,wgbs/library_stats/RL3247_2022_08_05_NHEK_rep3_MethC_S16_R1_001.CGmap.gz_postmap_stats.txt
53,RL399,GSE159297,GSM4886707,This study,YES,Lister,32F,Fibroblast,d7,d7,d7_32F,Day_7 (32F),Early,Fibroblast,A,CD13+F11R+,gs://hs-reprogram/WGBS/bam_dedup/RL399_D7_32F.rmdup.dedup.bam,wgbs/CGmap/RL399_D7_32F.rmdup.CGmap.gz,-,wgbs/CG_bsobj/RL399_D7_32F.rmdup_CG_bsseq_obj.Rds,wgbs/CA_bsobj/RL399_D7_32F.rmdup_CA_bsseq_obj.Rds,wgbs/bigwigs/mCG_bigwigs/RL399_D7_32F.rmdup_CG.bigwig,wgbs/bigwigs/mCA_bigwigs/RL399_D7_32F.rmdup_CA_Window5000_Step1000.bigwig,wgbs/library_stats/RL399_D7_32F.rmdup.CGmap.gz_postmap_stats.txt
54,RL411,GSE159297,GSM4886715,This study,YES,Lister,32F,Fibroblast,P3,Naive-hiPSC,P3_32F_Smith_R,Naive-hiPSC_P3 (32F),Naive,t2iLGoY,A,CD13-F11R+TRA-1-60+ SSEA3- EpCAM+,gs://hs-reprogram/WGBS/bam_dedup/RL411_P3_32F_Smith_R.rmdup.dedup.bam,wgbs/CGmap/RL411_P3_32F_Smith_R.rmdup.CGmap.gz,-,wgbs/CG_bsobj/RL411_P3_32F_Smith_R.rmdup_CG_bsseq_obj.Rds,wgbs/CA_bsobj/RL411_P3_32F_Smith_R.rmdup_CA_bsseq_obj.Rds,wgbs/bigwigs/mCG_bigwigs/RL411_P3_32F_Smith_R.rmdup_CG.bigwig,wgbs/bigwigs/mCA_bigwigs/RL411_P3_32F_Smith_R.rmdup_CA_Window5000_Step1000.bigwig,wgbs/library_stats/RL411_P3_32F_Smith_R.rmdup.CGmap.gz_postmap_stats.txt
55,RL412,GSE159297,GSM4886716,This study,YES,Lister,32F,Fibroblast,P10+,Naive-hiPSC,P10_32F_Smith_R,Naive-hiPSC_P10 (32F),Naive,t2iLGoY,A,CD13-F11R+TRA-1-60+ SSEA3- EpCAM+,gs://hs-reprogram/WGBS/bam_dedup/RL412_P10_32F_Smith_R.rmdup.dedup.bam,wgbs/CGmap/RL412_P10_32F_Smith_R.rmdup.CGmap.gz,-,wgbs/CG_bsobj/RL412_P10_32F_Smith_R.rmdup_CG_bsseq_obj.Rds,wgbs/CA_bsobj/RL412_P10_32F_Smith_R.rmdup_CA_bsseq_obj.Rds,wgbs/bigwigs/mCG_bigwigs/RL412_P10_32F_Smith_R.rmdup_CG.bigwig,wgbs/bigwigs/mCA_bigwigs/RL412_P10_32F_Smith_R.rmdup_CA_Window5000_Step1000.bigwig,wgbs/library_stats/RL412_P10_32F_Smith_R.rmdup.CGmap.gz_postmap_stats.txt
56,RL413,GSE159297,GSM4886706,This study,YES,Lister,32F,Fibroblast,d3,d3,D3_32F,Day_3 (32F),Early,Fibroblast,A,CD13+F11R+,gs://hs-reprogram/WGBS/bam_dedup/RL413_D3_32F.rmdup.dedup.bam,wgbs/CGmap/RL413_D3_32F.rmdup.CGmap.gz,-,wgbs/CG_bsobj/RL413_D3_32F.rmdup_CG_bsseq_obj.Rds,wgbs/CA_bsobj/RL413_D3_32F.rmdup_CA_bsseq_obj.Rds,wgbs/bigwigs/mCG_bigwigs/RL413_D3_32F.rmdup_CG.bigwig,wgbs/bigwigs/mCA_bigwigs/RL413_D3_32F.rmdup_CA_Window5000_Step1000.bigwig,wgbs/library_stats/RL413_D3_32F.rmdup.CGmap.gz_postmap_stats.txt
57,RL414,GSE159297,GSM4886713,This study,YES,Lister,32F,Fibroblast,d13,Naive-intermediate,D13_32F_Smith_R,Day_13_Naive (32F),Naive,t2iLGoY,A,CD13-F11R+TRA-1-60+ SSEA3- EpCAM+,gs://hs-reprogram/WGBS/bam_dedup/RL414_D13_32F_Smith_R.rmdup.dedup.bam,wgbs/CGmap/RL414_D13_32F_Smith_R.rmdup.CGmap.gz,-,wgbs/CG_bsobj/RL414_D13_32F_Smith_R.rmdup_CG_bsseq_obj.Rds,wgbs/CA_bsobj/RL414_D13_32F_Smith_R.rmdup_CA_bsseq_obj.Rds,wgbs/bigwigs/mCG_bigwigs/RL414_D13_32F_Smith_R.rmdup_CG.bigwig,wgbs/bigwigs/mCA_bigwigs/RL414_D13_32F_Smith_R.rmdup_CA_Window5000_Step1000.bigwig,wgbs/library_stats/RL414_D13_32F_Smith_R.rmdup.CGmap.gz_postmap_stats.txt
58,RL415,GSE159297,GSM4886704,This study,YES,Lister,32F,Fibroblast,d0,d0,D0_32F_HDFa,Day_0 (32F),Early,Fibroblast,A,CD13+,gs://hs-reprogram/WGBS/bam_dedup/RL415_D0_32F_HDFa.rmdup.dedup.bam,wgbs/CGmap/RL415_D0_32F_HDFa.rmdup.CGmap.gz,-,wgbs/CG_bsobj/RL415_D0_32F_HDFa.rmdup_CG_bsseq_obj.Rds,wgbs/CA_bsobj/RL415_D0_32F_HDFa.rmdup_CA_bsseq_obj.Rds,wgbs/bigwigs/mCG_bigwigs/RL415_D0_32F_HDFa.rmdup_CG.bigwig,wgbs/bigwigs/mCA_bigwigs/RL415_D0_32F_HDFa.rmdup_CA_Window5000_Step1000.bigwig,wgbs/library_stats/RL415_D0_32F_HDFa.rmdup.CGmap.gz_postmap_stats.txt
59,RL416,GSE159297,GSM4886708,This study,YES,Lister,32F,Fibroblast,d13,Primed-intermediate,D13_32F_Primed,Day_13_Primed (32F),Primed,KSR,A,CD13-F11R+TRA-1-60+ SSEA3+ EpCAM-,gs://hs-reprogram/WGBS/bam_dedup/RL416_D13_32F_Primed.rmdup.dedup.bam,wgbs/CGmap/RL416_D13_32F_Primed.rmdup.CGmap.gz,-,wgbs/CG_bsobj/RL416_D13_32F_Primed.rmdup_CG_bsseq_obj.Rds,wgbs/CA_bsobj/RL416_D13_32F_Primed.rmdup_CA_bsseq_obj.Rds,wgbs/bigwigs/mCG_bigwigs/RL416_D13_32F_Primed.rmdup_CG.bigwig,wgbs/bigwigs/mCA_bigwigs/RL416_D13_32F_Primed.rmdup_CA_Window5000_Step1000.bigwig,wgbs/library_stats/RL416_D13_32F_Primed.rmdup.CGmap.gz_postmap_stats.txt
60,RL417,GSE159297,GSM4886710,This study,YES,Lister,32F,Fibroblast,P3,Primed-hiPSC,P3_32F_Primed,Primed-hiPSC-P3 (32F),Primed,KSR,A,CD13-F11R+TRA-1-60+ SSEA3+ EpCAM+,gs://hs-reprogram/WGBS/bam_dedup/RL417_P3_32F_Primed.rmdup.dedup.bam,wgbs/CGmap/RL417_P3_32F_Primed.rmdup.CGmap.gz,-,wgbs/CG_bsobj/RL417_P3_32F_Primed.rmdup_CG_bsseq_obj.Rds,wgbs/CA_bsobj/RL417_P3_32F_Primed.rmdup_CA_bsseq_obj.Rds,wgbs/bigwigs/mCG_bigwigs/RL417_P3_32F_Primed.rmdup_CG.bigwig,wgbs/bigwigs/mCA_bigwigs/RL417_P3_32F_Primed.rmdup_CA_Window5000_Step1000.bigwig,wgbs/library_stats/RL417_P3_32F_Primed.rmdup.CGmap.gz_postmap_stats.txt
61,RL418,GSE159297,GSM4886711,This study,YES,Lister,32F,Fibroblast,P10+,Primed-hiPSC,P10_32F_Primed,Primed-hiPSC-P10 (32F),Primed,KSR,A,CD13-F11R+TRA-1-60+ SSEA3+ EpCAM+,gs://hs-reprogram/WGBS/bam_dedup/RL418_P10_32F_Primed.rmdup.dedup.bam,wgbs/CGmap/RL418_P10_32F_Primed.rmdup.CGmap.gz,-,wgbs/CG_bsobj/RL418_P10_32F_Primed.rmdup_CG_bsseq_obj.Rds,wgbs/CA_bsobj/RL418_P10_32F_Primed.rmdup_CA_bsseq_obj.Rds,wgbs/bigwigs/mCG_bigwigs/RL418_P10_32F_Primed.rmdup_CG.bigwig,wgbs/bigwigs/mCA_bigwigs/RL418_P10_32F_Primed.rmdup_CA_Window5000_Step1000.bigwig,wgbs/library_stats/RL418_P10_32F_Primed.rmdup.CGmap.gz_postmap_stats.txt
62,RL697,GSE159297,GSM4886709,This study,YES,Lister,32F,Fibroblast,d21,Primed-intermediate,D21_32F_Primed_KSR,Day_21_Primed (32F),Primed,KSR,A,CD13-F11R+TRA-1-60+ SSEA3+ EpCAM+,gs://hs-reprogram/WGBS/bam_dedup/RL697_D21_32F_Primed_KSR.SE.rmdup.dedup.bam,wgbs/CGmap/RL697_D21_32F_Primed_KSR.SE.rmdup.CGmap.gz,-,wgbs/CG_bsobj/RL697_D21_32F_Primed_KSR.SE.rmdup_CG_bsseq_obj.Rds,wgbs/CA_bsobj/RL697_D21_32F_Primed_KSR.SE.rmdup_CA_bsseq_obj.Rds,wgbs/bigwigs/mCG_bigwigs/RL697_D21_32F_Primed_KSR.SE.rmdup_CG.bigwig,wgbs/bigwigs/mCA_bigwigs/RL697_D21_32F_Primed_KSR.SE.rmdup_CA_Window5000_Step1000.bigwig,wgbs/library_stats/RL697_D21_32F_Primed_KSR.SE.rmdup.CGmap.gz_postmap_stats.txt
63,RL698,GSE159297,GSM4886714,This study,YES,Lister,32F,Fibroblast,d21,Naive-intermediate,D21_32F_Smith_R,Day_21_Naive (32F),Naive,t2iLGoY,A,CD13-F11R+TRA-1-60+ SSEA3- EpCAM+,gs://hs-reprogram/WGBS/bam_dedup/RL698_D21_32F_Smith_R.SE.rmdup.dedup.bam,wgbs/CGmap/RL698_D21_32F_Smith_R.SE.rmdup.CGmap.gz,-,wgbs/CG_bsobj/RL698_D21_32F_Smith_R.SE.rmdup_CG_bsseq_obj.Rds,wgbs/CA_bsobj/RL698_D21_32F_Smith_R.SE.rmdup_CA_bsseq_obj.Rds,wgbs/bigwigs/mCG_bigwigs/RL698_D21_32F_Smith_R.SE.rmdup_CG.bigwig,wgbs/bigwigs/mCA_bigwigs/RL698_D21_32F_Smith_R.SE.rmdup_CA_Window5000_Step1000.bigwig,wgbs/library_stats/RL698_D21_32F_Smith_R.SE.rmdup.CGmap.gz_postmap_stats.txt
64,RL699,NA,NA,This study,YES,Lister,32F,Fibroblast,P10+,PtN-hiPSC,P3_plus_12_32F_Smith_C_Klf4,P3_plus_12_32F_Smith_C_Klf4,Naive,t2iLGoY,A,CD13-F11R+TRA-1-60+ SSEA3- EpCAM+,-,wgbs/CGmap/RL699_P3_plus_12_32F_Smith_C_Klf4.SE.rmdup.CGmap.gz,-,wgbs/CG_bsobj/RL699_P3_plus_12_32F_Smith_C_Klf4.SE.rmdup_CG_bsseq_obj.Rds,wgbs/CA_bsobj/RL699_P3_plus_12_32F_Smith_C_Klf4.SE.rmdup_CA_bsseq_obj.Rds,wgbs/bigwigs/mCG_bigwigs/RL699_P3_plus_12_32F_Smith_C_Klf4.SE.rmdup_CG.bigwig,wgbs/bigwigs/mCA_bigwigs/RL699_P3_plus_12_32F_Smith_C_Klf4.SE.rmdup_CA_Window5000_Step1000.bigwig,wgbs/library_stats/RL699_P3_plus_12_32F_Smith_C_Klf4.SE.rmdup.CGmap.gz_postmap_stats.txt
65,RL700,NA,NA,This study,YES,Lister,32F,Fibroblast,P10+,PtN-hiPSC,P3_plus_14_32F_Smith_C_OKSM,P3_plus_14_32F_Smith_C_OKSM,Naive,t2iLGoY,A,CD13-F11R+TRA-1-60+ SSEA3- EpCAM+,-,wgbs/CGmap/RL700_P3_plus_14_32F_Smith_C_OKSM.SE.rmdup.CGmap.gz,-,wgbs/CG_bsobj/RL700_P3_plus_14_32F_Smith_C_OKSM.SE.rmdup_CG_bsseq_obj.Rds,wgbs/CA_bsobj/RL700_P3_plus_14_32F_Smith_C_OKSM.SE.rmdup_CA_bsseq_obj.Rds,wgbs/bigwigs/mCG_bigwigs/RL700_P3_plus_14_32F_Smith_C_OKSM.SE.rmdup_CG.bigwig,wgbs/bigwigs/mCA_bigwigs/RL700_P3_plus_14_32F_Smith_C_OKSM.SE.rmdup_CA_Window5000_Step1000.bigwig,wgbs/library_stats/RL700_P3_plus_14_32F_Smith_C_OKSM.SE.rmdup.CGmap.gz_postmap_stats.txt
66,RL702,GSE159297,GSM4886705,This study,YES,Lister,38F,Fibroblast,d0,d0,D0_38F_HDFa,Day_0 (38F),Early,Fibroblast,A,CD13+,gs://hs-reprogram/WGBS/bam_dedup/RL702_all_lanes_merged_dedup.bam,wgbs/CGmap/RL702_all_lanes_merged.CGmap.gz,-,wgbs/CG_bsobj/RL702_all_lanes_merged_CG_bsseq_obj.Rds,wgbs/CA_bsobj/RL702_all_lanes_merged_CA_bsseq_obj.Rds,wgbs/bigwigs/mCG_bigwigs/RL702_all_lanes_merged_CG.bigwig,wgbs/bigwigs/mCA_bigwigs/RL702_all_lanes_merged_CA_Window5000_Step1000.bigwig,wgbs/library_stats/RL702_all_lanes_merged.CGmap.gz_postmap_stats.txt
67,RL703,GSE159297,GSM4886712,This study,YES,Lister,38F,Fibroblast,P10+,Primed-hiPSC,P20_38F_Primed_E8,Primed-hiPSC-P20 (38F),Primed,E8,A,CD13-F11R+TRA-1-60+ SSEA3+ EpCAM+,gs://hs-reprogram/WGBS/bam_dedup/RL703_all_merge.dedup.bam,wgbs/CGmap/RL703_all_merge.CGmap.gz,-,wgbs/CG_bsobj/RL703_all_merge_CG_bsseq_obj.Rds,wgbs/CA_bsobj/RL703_all_merge_CA_bsseq_obj.Rds,wgbs/bigwigs/mCG_bigwigs/RL703_all_merge_CG.bigwig,wgbs/bigwigs/mCA_bigwigs/RL703_all_merge_CA_Window5000_Step1000.bigwig,wgbs/library_stats/RL703_all_merge.CGmap.gz_postmap_stats.txt
68,RL837,GSE159297,GSM5412626,This study,YES,Lister,38F,Fibroblast,P10+,NtP-hiPSC,P12_plus_10_38F_SmithR_to_E8,NtP-hiPSC_P12 (38F),NtP,E8,A,CD13-F11R+TRA-1-60+ SSEA3+ EpCAM+,gs://hs-reprogram/WGBS/bam_dedup/RL837_2017_09_28_P12_plus_10_38F_SmithR_to_E8_merge.dedup.bam,wgbs/CGmap/RL837_2017_09_28_P12_plus_10_38F_SmithR_to_E8_merge.CGmap.gz,-,wgbs/CG_bsobj/RL837_2017_09_28_P12_plus_10_38F_SmithR_to_E8_merge_CG_bsseq_obj.Rds,wgbs/CA_bsobj/RL837_2017_09_28_P12_plus_10_38F_SmithR_to_E8_merge_CA_bsseq_obj.Rds,wgbs/bigwigs/mCG_bigwigs/RL837_2017_09_28_P12_plus_10_38F_SmithR_to_E8_merge_CG.bigwig,wgbs/bigwigs/mCA_bigwigs/RL837_2017_09_28_P12_plus_10_38F_SmithR_to_E8_merge_CA_Window5000_Step1000.bigwig,wgbs/library_stats/RL837_2017_09_28_P12_plus_10_38F_SmithR_to_E8_merge.CGmap.gz_postmap_stats.txt
69,RL838,GSE159297,GSM5412621,This study,YES,Lister,38F,Fibroblast,P10+,Naive-hiPSC,P10_38F_Smith_R,Naive-hiPSC_P10 (38F),Naive,t2iLGoY,A,CD13-F11R+TRA-1-60+ SSEA3- EpCAM+,gs://hs-reprogram/WGBS/bam_dedup/RL838_all_lanes_merged_dedup.bam,wgbs/CGmap/RL838_all_lanes_merged.CGmap.gz,-,wgbs/CG_bsobj/RL838_all_lanes_merged_CG_bsseq_obj.Rds,wgbs/CA_bsobj/RL838_all_lanes_merged_CA_bsseq_obj.Rds,wgbs/bigwigs/mCG_bigwigs/RL838_all_lanes_merged_CG.bigwig,wgbs/bigwigs/mCA_bigwigs/RL838_all_lanes_merged_CA_Window5000_Step1000.bigwig,wgbs/library_stats/RL838_all_lanes_merged.CGmap.gz_postmap_stats.txt
70,RL936,GSE159297,GSM5412624,This study,YES,Lister,32F,Fibroblast,P10+,NtP-hiPSC,P11_plus_10_32F_SmithR_to_E8_rep1,NtP-hiPSC-P11 (32F),NtP,E8,A,CD13-F11R+TRA-1-60+ SSEA3+ EpCAM+,gs://hs-reprogram/WGBS/bam_dedup/RL936_32F_P11_plus_10_32F_SmithR_to_E8_rep1_all_merged.dedup.bam,wgbs/CGmap/RL936_32F_P11_plus_10_32F_SmithR_to_E8_rep1_all_merged.CGmap.gz,-,wgbs/CG_bsobj/RL936_32F_P11_plus_10_32F_SmithR_to_E8_rep1_all_merged_CG_bsseq_obj.Rds,wgbs/CA_bsobj/RL936_32F_P11_plus_10_32F_SmithR_to_E8_rep1_all_merged_CA_bsseq_obj.Rds,wgbs/bigwigs/mCG_bigwigs/RL936_32F_P11_plus_10_32F_SmithR_to_E8_rep1_all_merged_CG.bigwig,wgbs/bigwigs/mCA_bigwigs/RL936_32F_P11_plus_10_32F_SmithR_to_E8_rep1_all_merged_CA_Window5000_Step1000.bigwig,wgbs/library_stats/RL936_32F_P11_plus_10_32F_SmithR_to_E8_rep1_all_merged.CGmap.gz_postmap_stats.txt
71,RL937,GSE159297,GSM5412625,This study,YES,Lister,38F,Fibroblast,P10+,NtP-hiPSC,P11_plus_10_38F_SmithR_to_E8_rep1,NtP-hiPSC-P11 (38F),NtP,E8,A,CD13-F11R+TRA-1-60+ SSEA3+ EpCAM+,gs://hs-reprogram/WGBS/bam_dedup/RL937_38F_P11_plus_10_38F_SmithR_to_E8_rep1_all_merged.dedup.bam,wgbs/CGmap/RL937_38F_P11_plus_10_38F_SmithR_to_E8_rep1_all_merged.CGmap.gz,-,wgbs/CG_bsobj/RL937_38F_P11_plus_10_38F_SmithR_to_E8_rep1_all_merged_CG_bsseq_obj.Rds,wgbs/CA_bsobj/RL937_38F_P11_plus_10_38F_SmithR_to_E8_rep1_all_merged_CA_bsseq_obj.Rds,wgbs/bigwigs/mCG_bigwigs/RL937_38F_P11_plus_10_38F_SmithR_to_E8_rep1_all_merged_CG.bigwig,wgbs/bigwigs/mCA_bigwigs/RL937_38F_P11_plus_10_38F_SmithR_to_E8_rep1_all_merged_CA_Window5000_Step1000.bigwig,wgbs/library_stats/RL937_38F_P11_plus_10_38F_SmithR_to_E8_rep1_all_merged.CGmap.gz_postmap_stats.txt
72,SRR1561745,SRR1561745,SRR1561745,PMID:25215486,YES,Smith,H9,ESC,ESC,hESC,H9_KSR_r1,H9_KSR_r1 (SRR1561745),ESC,KSR,Smith,See publication,-,wgbs/CGmap/H9_Primed1.CGmap.gz,-,wgbs/CG_bsobj/H9_Primed1_CG_bsseq_obj.Rds,wgbs/CA_bsobj/H9_Primed1_CA_bsseq_obj.Rds,wgbs/bigwigs/mCG_bigwigs/H9_Primed1_CG.bigwig,wgbs/bigwigs/mCA_bigwigs/H9_Primed1_CA_Window5000_Step1000.bigwig,wgbs/library_stats/H9_Primed1.CGmap.gz_postmap_stats.txt
73,SRR1561745_merge,NA,SRR1561745,PMID:25215486,YES,Smith,H9,ESC,ESC,hESC,H9_KSR_combined,hESC-H9 (SRR1561745-7),ESC,KSR,Smith,See publication,-,-,-,wgbs/CG_bsobj/Smith_H9_Primed_KSR_combined_CG_bsseq.Rds,-,-,-,wgbs/library_stats/-_postmap_stats.txt
74,SRR1561746,SRR1561746,SRR1561746,PMID:25215486,YES,Smith,H9,ESC,ESC,hESC,H9_KSR_r2,H9_KSR_r2 (SRR1561746),ESC,KSR,Smith,See publication,-,wgbs/CGmap/H9_Primed2.CGmap.gz,-,wgbs/CG_bsobj/H9_Primed2_CG_bsseq_obj.Rds,wgbs/CA_bsobj/H9_Primed2_CA_bsseq_obj.Rds,wgbs/bigwigs/mCG_bigwigs/H9_Primed2_CG.bigwig,wgbs/bigwigs/mCA_bigwigs/H9_Primed2_CA_Window5000_Step1000.bigwig,wgbs/library_stats/H9_Primed2.CGmap.gz_postmap_stats.txt
75,SRR1561747,SRR1561747,SRR1561747,PMID:25215486,YES,Smith,H9,ESC,ESC,hESC,H9_KSR_r3,H9_KSR_r3 (SRR1561747),ESC,KSR,Smith,See publication,-,wgbs/CGmap/H9_Primed3.CGmap.gz,-,wgbs/CG_bsobj/H9_Primed3_CG_bsseq_obj.Rds,wgbs/CA_bsobj/H9_Primed3_CA_bsseq_obj.Rds,wgbs/bigwigs/mCG_bigwigs/H9_Primed3_CG.bigwig,wgbs/bigwigs/mCA_bigwigs/H9_Primed3_CA_Window5000_Step1000.bigwig,wgbs/library_stats/H9_Primed3.CGmap.gz_postmap_stats.txt
76,SRR1561748,SRR1561748,SRR1561748,PMID:25215486,YES,Smith,H9,ESC,ESC,hESC,H9_Naive_r1,H9_Naive_r1 (SRR1561748),ESC,t2iLGoY,Smith,See publication,-,wgbs/CGmap/H9_Naive1.CGmap.gz,-,wgbs/CG_bsobj/H9_Naive1_CG_bsseq_obj.Rds,wgbs/CA_bsobj/H9_Naive1_CA_bsseq_obj.Rds,wgbs/bigwigs/mCG_bigwigs/H9_Naive1_CG.bigwig,wgbs/bigwigs/mCA_bigwigs/H9_Naive1_CA_Window5000_Step1000.bigwig,wgbs/library_stats/H9_Naive1.CGmap.gz_postmap_stats.txt
77,SRR1561749,SRR1561749,SRR1561749,PMID:25215486,YES,Smith,H9,ESC,ESC,hESC,H9_Naive_r2,H9_Naive_r2 (SRR1561749),ESC,t2iLGoY,Smith,See publication,-,wgbs/CGmap/H9_Naive2.CGmap.gz,-,wgbs/CG_bsobj/H9_Naive2_CG_bsseq_obj.Rds,wgbs/CA_bsobj/H9_Naive2_CA_bsseq_obj.Rds,wgbs/bigwigs/mCG_bigwigs/H9_Naive2_CG.bigwig,wgbs/bigwigs/mCA_bigwigs/H9_Naive2_CA_Window5000_Step1000.bigwig,wgbs/library_stats/H9_Naive2.CGmap.gz_postmap_stats.txt
78,SRR1561750,SRR1561750,SRR1561750,PMID:25215486,YES,Smith,H9,ESC,ESC,hESC,H9_Naive_r3,H9_Naive_r3 (SRR1561750),ESC,t2iLGoY,Smith,See publication,-,wgbs/CGmap/H9_Naive3.CGmap.gz,-,wgbs/CG_bsobj/H9_Naive3_CG_bsseq_obj.Rds,wgbs/CA_bsobj/H9_Naive3_CA_bsseq_obj.Rds,wgbs/bigwigs/mCG_bigwigs/H9_Naive3_CG.bigwig,wgbs/bigwigs/mCA_bigwigs/H9_Naive3_CA_Window5000_Step1000.bigwig,wgbs/library_stats/H9_Naive3.CGmap.gz_postmap_stats.txt
79,SRS004213,GSE16256,SRS004213,PMID:25008523,YES,Ecker,H1,ESC,ESC,hESC,H1_ESC,hESC-H1 (GSM429321),ESC,mTeSR1,Ecker,See publication,gs://hs-reprogram/WGBS/bam_dedup/methylC-seq_h1_all_merged.bam,wgbs/CGmap/methylC-seq_h1_all_merged.CGmap.gz,-,wgbs/CG_bsobj/methylC-seq_h1_all_merged_CG_bsseq_obj.Rds,wgbs/CA_bsobj/methylC-seq_h1_all_merged_CA_bsseq_obj.Rds,wgbs/bigwigs/mCG_bigwigs/methylC-seq_h1_all_merged_CG.bigwig,wgbs/bigwigs/mCA_bigwigs/methylC-seq_h1_all_merged_CA_Window5000_Step1000.bigwig,wgbs/library_stats/methylC-seq_h1_all_merged.CGmap.gz_postmap_stats.txt
80,SRS114877,SRP003529,SRS114877,PMID:25008523,YES,Ecker,H9,ESC,ESC,hESC,H9_ESC,hESC-H9 (SRS114877),ESC,mTeSR1,Ecker,See publication,gs://hs-reprogram/WGBS/bam_dedup/h9_WGBS.dedup.bam,wgbs/CGmap/h9_WGBS.CGmap.gz,-,wgbs/CG_bsobj/h9_WGBS_CG_bsseq_obj.Rds,wgbs/CA_bsobj/h9_WGBS_CA_bsseq_obj.Rds,wgbs/bigwigs/mCG_bigwigs/h9_WGBS_CG.bigwig,wgbs/bigwigs/mCA_bigwigs/h9_WGBS_CA_Window5000_Step1000.bigwig,wgbs/library_stats/h9_WGBS.CGmap.gz_postmap_stats.txt
81,SRS606775,GSE57179,SRS606775,PMID:25008523,YES,Mitalipov,SCNT_1,ESC,SCNT,SCNT-hiPSC,SCNT_1_Mitalipov,SCNT_1 (SRS606775),SCNT,KSR,Mitalipov,See publication,gs://hs-reprogram/WGBS/bam_dedup/SRS606775.dedup.bam,wgbs/CGmap/SRS606775.CGmap.gz,-,wgbs/CG_bsobj/SRS606775_CG_bsseq_obj.Rds,wgbs/CA_bsobj/SRS606775_CA_bsseq_obj.Rds,wgbs/bigwigs/mCG_bigwigs/SRS606775_CG.bigwig,wgbs/bigwigs/mCA_bigwigs/SRS606775_CA_Window5000_Step1000.bigwig,wgbs/library_stats/SRS606775.CGmap.gz_postmap_stats.txt
82,SRS606776,GSE57179,SRS606776,PMID:25008523,TBD,Mitalipov,HDF,Fibroblast,Fibroblast,Fibroblast,Fibroblast_Mitalipov,Fibroblast (SRS606776),Fibroblast,Fibroblast,Mitalipov,See publication,,wgbs/CGmap/SRS606776.CGmap.gz,-,wgbs/CG_bsobj/SRS606776_CG_bsseq_obj.Rds,wgbs/CA_bsobj/SRS606776_CA_bsseq_obj.Rds,wgbs/bigwigs/mCG_bigwigs/SRS606776_CG.bigwig,wgbs/bigwigs/mCA_bigwigs/SRS606776_CA_Window5000_Step1000.bigwig,wgbs/library_stats/SRS606776.CGmap.gz_postmap_stats.txt
83,SRS606777,GSE57179,SRS606777,PMID:25008523,YES,Mitalipov,hESC_1,ESC,ESC,hESC,HESO7,hESC-HESO7 (SRS606777),ESC,KSR,Mitalipov,See publication,gs://hs-reprogram/WGBS/bam_dedup/SRS606777.dedup.bam,wgbs/CGmap/SRS606777.CGmap.gz,-,wgbs/CG_bsobj/SRS606777_CG_bsseq_obj.Rds,wgbs/CA_bsobj/SRS606777_CA_bsseq_obj.Rds,wgbs/bigwigs/mCG_bigwigs/SRS606777_CG.bigwig,wgbs/bigwigs/mCA_bigwigs/SRS606777_CA_Window5000_Step1000.bigwig,wgbs/library_stats/SRS606777.CGmap.gz_postmap_stats.txt
84,SRS606778,GSE57179,SRS606778,PMID:25008523,YES,Mitalipov,hESC_2,ESC,ESC,hESC,HESO8,hESC-HESO8 (SRS606778),ESC,KSR,Mitalipov,See publication,gs://hs-reprogram/WGBS/bam_dedup/SRS606778.dedup.bam,wgbs/CGmap/SRS606778.CGmap.gz,-,wgbs/CG_bsobj/SRS606778_CG_bsseq_obj.Rds,wgbs/CA_bsobj/SRS606778_CA_bsseq_obj.Rds,wgbs/bigwigs/mCG_bigwigs/SRS606778_CG.bigwig,wgbs/bigwigs/mCA_bigwigs/SRS606778_CA_Window5000_Step1000.bigwig,wgbs/library_stats/SRS606778.CGmap.gz_postmap_stats.txt
85,SRS606779,GSE57179,SRS606779,PMID:25008523,YES,Mitalipov,SCNT_2,Fibroblast,SCNT,SCNT-hiPSC,SCNT_2_Mitalipov,SCNT_2 (SRS606779),SCNT,KSR,Mitalipov,See publication,gs://hs-reprogram/WGBS/bam_dedup/SRS606779.dedup.bam,wgbs/CGmap/SRS606779.CGmap.gz,-,wgbs/CG_bsobj/SRS606779_CG_bsseq_obj.Rds,wgbs/CA_bsobj/SRS606779_CA_bsseq_obj.Rds,wgbs/bigwigs/mCG_bigwigs/SRS606779_CG.bigwig,wgbs/bigwigs/mCA_bigwigs/SRS606779_CA_Window5000_Step1000.bigwig,wgbs/library_stats/SRS606779.CGmap.gz_postmap_stats.txt
86,SRS606780,GSE57179,SRS606780,PMID:25008523,YES,Mitalipov,SCNT_3,Fibroblast,SCNT,SCNT-hiPSC,SCNT_3_Mitalipov,SCNT_3 (SRS606780),SCNT,KSR,Mitalipov,See publication,gs://hs-reprogram/WGBS/bam_dedup/SRS606780.dedup.bam,wgbs/CGmap/SRS606780.CGmap.gz,-,wgbs/CG_bsobj/SRS606780_CG_bsseq_obj.Rds,wgbs/CA_bsobj/SRS606780_CA_bsseq_obj.Rds,wgbs/bigwigs/mCG_bigwigs/SRS606780_CG.bigwig,wgbs/bigwigs/mCA_bigwigs/SRS606780_CA_Window5000_Step1000.bigwig,wgbs/library_stats/SRS606780.CGmap.gz_postmap_stats.txt
87,SRS606781,GSE57179,SRS606781,PMID:25008523,YES,Mitalipov,SCNT_4,Fibroblast,SCNT,SCNT-hiPSC,SCNT_4_Mitalipov,SCNT_4 (SRS606781),SCNT,KSR,Mitalipov,See publication,gs://hs-reprogram/WGBS/bam_dedup/SRS606781.dedup.bam,wgbs/CGmap/SRS606781.CGmap.gz,-,wgbs/CG_bsobj/SRS606781_CG_bsseq_obj.Rds,wgbs/CA_bsobj/SRS606781_CA_bsseq_obj.Rds,wgbs/bigwigs/mCG_bigwigs/SRS606781_CG.bigwig,wgbs/bigwigs/mCA_bigwigs/SRS606781_CA_Window5000_Step1000.bigwig,wgbs/library_stats/SRS606781.CGmap.gz_postmap_stats.txt
88,SRS606782,GSE57179,SRS606782,PMID:25008523,YES,Mitalipov,iPSC_S1,Fibroblast,iPSC_Sendai,Primed-hiPSC,iPSC_Sendai_1_Mitalipov,Primed-hiPSC (SRS606782),Primed,KSR,Mitalipov,See publication,gs://hs-reprogram/WGBS/bam_dedup/SRS606782.dedup.bam,wgbs/CGmap/SRS606782.CGmap.gz,-,wgbs/CG_bsobj/SRS606782_CG_bsseq_obj.Rds,wgbs/CA_bsobj/SRS606782_CA_bsseq_obj.Rds,wgbs/bigwigs/mCG_bigwigs/SRS606782_CG.bigwig,wgbs/bigwigs/mCA_bigwigs/SRS606782_CA_Window5000_Step1000.bigwig,wgbs/library_stats/SRS606782.CGmap.gz_postmap_stats.txt
89,SRS606783,GSE57179,SRS606783,PMID:25008523,YES,Mitalipov,iPSC_S2,Fibroblast,iPSC_Sendai,Primed-hiPSC,iPSC_Sendai_2_Mitalipov,Primed-hiPSC (SRS606783),Primed,KSR,Mitalipov,See publication,gs://hs-reprogram/WGBS/bam_dedup/SRS606783.dedup.bam,wgbs/CGmap/SRS606783.CGmap.gz,-,wgbs/CG_bsobj/SRS606783_CG_bsseq_obj.Rds,wgbs/CA_bsobj/SRS606783_CA_bsseq_obj.Rds,wgbs/bigwigs/mCG_bigwigs/SRS606783_CG.bigwig,wgbs/bigwigs/mCA_bigwigs/SRS606783_CA_Window5000_Step1000.bigwig,wgbs/library_stats/SRS606783.CGmap.gz_postmap_stats.txt
90,SRS606784,GSE57179,SRS606784,PMID:25008523,YES,Mitalipov,iPSC_R2,Fibroblast,iPSC_Retro,Primed-hiPSC,iPSC_Retro_2_Mitalipov,Primed-hiPSC (SRS606784),Primed,KSR,Mitalipov,See publication,gs://hs-reprogram/WGBS/bam_dedup/SRS606784.dedup.bam,wgbs/CGmap/SRS606784.CGmap.gz,-,wgbs/CG_bsobj/SRS606784_CG_bsseq_obj.Rds,wgbs/CA_bsobj/SRS606784_CA_bsseq_obj.Rds,wgbs/bigwigs/mCG_bigwigs/SRS606784_CG.bigwig,wgbs/bigwigs/mCA_bigwigs/SRS606784_CA_Window5000_Step1000.bigwig,wgbs/library_stats/SRS606784.CGmap.gz_postmap_stats.txt
91,SRS606785,GSE57179,SRS606785,PMID:25008523,YES,Mitalipov,iPSC_R1,Fibroblast,iPSC_Retro,Primed-hiPSC,iPSC_Retro_1_Mitalipov,Primed-hiPSC (SRS606785),Primed,KSR,Mitalipov,See publication,gs://hs-reprogram/WGBS/bam_dedup/SRS606785.dedup.bam,wgbs/CGmap/SRS606785.CGmap.gz,-,wgbs/CG_bsobj/SRS606785_CG_bsseq_obj.Rds,wgbs/CA_bsobj/SRS606785_CA_bsseq_obj.Rds,wgbs/bigwigs/mCG_bigwigs/SRS606785_CG.bigwig,wgbs/bigwigs/mCA_bigwigs/SRS606785_CA_Window5000_Step1000.bigwig,wgbs/library_stats/SRS606785.CGmap.gz_postmap_stats.txt
92,SRX026829,SRX026829,SRX026829,PMID:21289626,YES,Ecker,IMR90,Fibroblast,iPSC,Primed-hiPSC,IMR90_iPSC,hiPSC-IMR90 (SRX026829),Primed,mTeSR1,Ecker,See publication,wgbs/bam_files_dedup/SRX026829.dedup.bam,wgbs/CGmap/SRX026829.CGmap.gz,-,wgbs/CG_bsobj/SRX026829_CG_bsseq_obj.Rds,wgbs/CA_bsobj/SRX026829_CA_bsseq_obj.Rds,wgbs/bigwigs/mCG_bigwigs/SRX026829_CG.bigwig,wgbs/bigwigs/mCA_bigwigs/SRX026829_CA_Window5000_Step1000.bigwig,wgbs/library_stats/SRX026829.CGmap.gz_postmap_stats.txt
93,SRX026830,SRX026830,SRX026830,PMID:21289626,YES,Ecker,FF,Fibroblast,iPSC,Primed-hiPSC,FF_iPSC_6_9,hiPSC-FF-6-9  (SRX026830),Primed,mTeSR1,Ecker,See publication,wgbs/bam_files_dedup/SRX026830.dedup.bam,wgbs/CGmap/SRX026830.CGmap.gz,-,wgbs/CG_bsobj/SRX026830_CG_bsseq_obj.Rds,wgbs/CA_bsobj/SRX026830_CA_bsseq_obj.Rds,wgbs/bigwigs/mCG_bigwigs/SRX026830_CG.bigwig,wgbs/bigwigs/mCA_bigwigs/SRX026830_CA_Window5000_Step1000.bigwig,wgbs/library_stats/SRX026830.CGmap.gz_postmap_stats.txt
94,SRX026831,SRX026831,SRX026831,PMID:21289626,YES,Ecker,FF,Fibroblast,iPSC,Primed-hiPSC,FF_iPSC_19_7,hiPSC-FF-19-7 (SRX026831),Primed,mTeSR1,Ecker,See publication,wgbs/bam_files_dedup/SRX026831.dedup.bam,wgbs/CGmap/SRX026831.CGmap.gz,-,wgbs/CG_bsobj/SRX026831_CG_bsseq_obj.Rds,wgbs/CA_bsobj/SRX026831_CA_bsseq_obj.Rds,wgbs/bigwigs/mCG_bigwigs/SRX026831_CG.bigwig,wgbs/bigwigs/mCA_bigwigs/SRX026831_CA_Window5000_Step1000.bigwig,wgbs/library_stats/SRX026831.CGmap.gz_postmap_stats.txt
95,SRX026832,SRX026832,SRX026832,PMID:21289626,YES,Ecker,FF,Fibroblast,iPSC,Primed-hiPSC,FF_iPSC_19_11,hiPSC-FF-19-11 (SRX026832),Primed,mTeSR1,Ecker,See publication,wgbs/bam_files_dedup/SRX026832.dedup.bam,wgbs/CGmap/SRX026832.CGmap.gz,-,wgbs/CG_bsobj/SRX026832_CG_bsseq_obj.Rds,wgbs/CA_bsobj/SRX026832_CA_bsseq_obj.Rds,wgbs/bigwigs/mCG_bigwigs/SRX026832_CG.bigwig,wgbs/bigwigs/mCA_bigwigs/SRX026832_CA_Window5000_Step1000.bigwig,wgbs/library_stats/SRX026832.CGmap.gz_postmap_stats.txt